count;scientific name
1;Arundo donax
2;Achnatherum bromoides 
3;Achnatherum calamagrostis 
4;Achnatherum fallacinum 
5;Achnatherum miliaceum
6;Acrachne racemosa
7;Acroceras macrum
8;Aegilops bicornis 
9;Aegilops biuncialis 
10;Aegilops biuncialis subsp. archipelagica 
11;Aegilops caudata 
12;Aegilops comosa 
13;Aegilops comosa subsp. heldreichii 
14;Aegilops contracta 
15;Aegilops cylindrica
16;Aegilops cylindrica 
17;Aegilops geniculata 
18;Aegilops kotschyi 
19;Aegilops neglecta 
20;Aegilops peregrina 
21;Aegilops peregrina subsp. cylindrostachys 
22;Aegilops speltoides
23;Aegilops speltoides subsp. ligustica
24;Aegilops triuncialis
25;Aegilops triuncialis 
26;Aegilops triuncialis subsp. persica 
27;Aegilops uniaristata 
28;Aegilops ventricosa 
29;Aeluropus lagopoides 
30;Aeluropus lagopoides subsp. repens 
31;Aeluropus littoralis 
32;Agropyron cristatum
33;Agropyron cristatum subsp. pectinatum 
34;Agropyron desertorum 
35;Agropyron spp.
36;Agropyropsis lolium 
37;Agrostis aemula 
38;Agrostis aequata 
39;Agrostis alpina 
40;Agrostis arvensis
41;Agrostis avenacea
42;Agrostis avenacea 
43;Agrostis bergiana
44;Agrostis blasdalei
45;Agrostis canina 
46;Agrostis canina subsp. aspromontana 
47;Agrostis canina subsp. granatensis 
48;Agrostis capillaris
49;Agrostis capillaris
50;Agrostis capillaris
51;Agrostis capillaris subsp. oreophila 
52;Agrostis capillaris
53;Agrostis castellana 
54;Agrostis curtisii 
55;Agrostis cypricola 
56;Agrostis densiflora
57;Agrostis drummondiana
58;Agrostis elliotiana
59;Agrostis gigantea
60;Agrostis gigantea
61;Agrostis gigantea 
62;Agrostis hallii
63;Agrostis hendersonii
64;Agrostis hesperica 
65;Agrostis hooveri
66;Agrostis insularis
67;Agrostis lachnantha
68;Agrostis lacuna-vernalis
69;Agrostis marysae-tortiae
70;Agrostis merxmuelleri 
71;Agrostis monteluccii
72;Agrostis montevidensis
73;Agrostis montevidensis 
74;Agrostis perennis
75;Agrostis polypogoboides
76;Agrostis rupestris 
77;Agrostis scabra 
78;Agrostis schlechteri
79;Agrostis schleicheri 
80;Agrostis schraderiana 
81;Agrostis stolonifera
82;Agrostis stolonifera 
83;Agrostis stolonifera subsp. gaditana 
84;Agrostis stolonifera subsp. maritima 
85;Agrostis stolonifera subsp. scabriglumis 
86;Agrostis tandilensis
87;Agrostis tileni 
88;Agrostis tolucensis
89;Agrostis umbellata
90;Agrostis venusta
91;Agrostis vinealis 
92;Agrostis vinealis subsp. ericetorum 
93;Aira caryophyllea
94;Aira caryophyllea
95;Aira caryophyllea 
96;Aira caryophyllea subsp. plesiantha 
97;Aira cupaniana
98;Aira cupaniana
99;Aira cupaniana 
100;Aira elegans
101;Aira elegans
102;Aira elegans 
103;Aira elegans subsp. ambigua
104;Aira elegans subsp. elegans
105;Aira elegantissima 
106;Aira praecox
107;Aira praecox
108;Aira praecox
109;Aira praecox 
110;Aira provincialis 
111;Aira spp.
112;Aira tenorei 
113;Aira uniaristata 
114;Airopsis tenella
115;Alloteropsis semialata
116;Alopecurus aequalis 
117;Alopecurus arundinaceus 
118;Alopecurus bulbosus 
119;Alopecurus bulbosus subsp. macrostachyus 
120;Alopecurus creticus 
121;Alopecurus geniculatus
122;Alopecurus geniculatus 
123;Alopecurus gerardi 
124;Alopecurus heleochloides
125;Alopecurus lechleri
126;Alopecurus magellanicus 
127;Alopecurus myosuroides
128;Alopecurus myosuroides 
129;Alopecurus myosuroides subsp. tonsus 
130;Alopecurus pratensis
131;Alopecurus pratensis 
132;Alopecurus pratensis 
133;Alopecurus rendlei
134;Alopecurus saccatus
135;Alopecurus setarioides 
136;Alopecurus utriculatus 
137;Amelichloa caudata
138;Amelichloa clandestina
139;Ammochloa palaestina 
140;Ammochloa pungens 
141;Ammophila arenaria
142;Ammophila arenaria
143;Ammophila arenaria 
144;Ammophila arenaria subsp. arundinacea 
145;Ampelodesmos mauritanicus
146;Ampelodesmos mauritanicus 
147;Amphibromus archeri
148;Amphibromus nervosus
149;Amphibromus recurvatus
150;Amphibromus vickeryae
151;Amphipogon amphipogonoides
152;Amphipogon avenaceus
153;Amphipogon caricinus
154;Amphipogon debilis
155;Amphipogon laguroides
156;Amphipogon sericeus
157;Amphipogon setaceus
158;Amphipogon strictus
159;Amphipogon turbinatus
160;Andropogon appendiculatus
161;Andropogon distachyos
162;Andropogon distachyos 
163;Andropogon eucomis
164;Andropogon gayanus
165;Andropogon glomeratus
166;Andropogon virginicus
167;Anisantha diandra 
168;Anisantha fasciculata 
169;Anisantha fasciculata subsp. delilei 
170;Anisantha madritensis 
171;Anisantha madritensis subsp. haussknechtii 
172;Anisantha rigida 
173;Anisantha rubens subsp. kunkelii 
174;Anisantha rubens subsp. rubens
175;Anisantha sterilis 
176;Anisantha tectorum 
177;Anthosachne rectiseta
178;Anthosachne scabra
179;Anthoxanthum alpinum 
180;Anthoxanthum amarum 
181;Anthoxanthum aristatum
182;Anthoxanthum aristatum 
183;Anthoxanthum dregeanum
184;Anthoxanthum ecklonii
185;Anthoxanthum gracile 
186;Anthoxanthum occidentale
187;Anthoxanthum odoratum
188;Anthoxanthum odoratum
189;Anthoxanthum odoratum 
190;Anthoxanthum ovatum 
191;Anthoxanthum ovatum subsp. macranthum 
192;Anthoxanthum spp.
193;Anthoxanthum tongo
194;Antinoria agrostidea 
195;Antinoria insularis 
196;Apera intermedia 
197;Apera interrupta 
198;Aristavena setacea 
199;Aristida adscensionis
200;Aristida adscensionis
201;Aristida adscensionis 
202;Aristida adscensionis subsp. coerulescens 
203;Aristida anthoxanthoides
204;Aristida arida
205;Aristida australis
206;Aristida behriana
207;Aristida biglandulosa
208;Aristida brevisubulata 
209;Aristida burbidgeae
210;Aristida californica
211;Aristida calycina
212;Aristida capillifolia
213;Aristida congesta
214;Aristida contorta
215;Aristida dasydesmis
216;Aristida diffusa subsp. burkei
217;Aristida diffusa subsp. diffusa
218;Aristida divaricata
219;Aristida exserta
220;Aristida fendleriana
221;Aristida funiculata 
222;Aristida holathera
223;Aristida hygrometrica
224;Aristida inaequiglumis
225;Aristida ingrata
226;Aristida jerichoensis subsp. subspinulifera
227;Aristida jerichoensis
228;Aristida junciformis
229;Aristida kimberleyensis
230;Aristida latifolia
231;Aristida lazaridis
232;Aristida longespica 
233;Aristida longiseta
234;Aristida meccana 
235;Aristida mutabilis 
236;Aristida nealleyi
237;Aristida nitidula
238;Aristida obscura
239;Aristida oligantha
240;Aristida pallida
241;Aristida parishii
242;Aristida perniciosa
243;Aristida personata
244;Aristida polyclados
245;Aristida pruinosa
246;Aristida purpurea
247;Aristida ramosa
248;Aristida strigosa
249;Aristida ternipes
250;Aristida tunetana 
251;Aristida vestita
252;Aristida wrightii
253;Arrhenatherum album
254;Arrhenatherum album subsp. cypricola
255;Arrhenatherum elatius
256;Arrhenatherum elatius 
257;Arrhenatherum elatius subsp. baeticum 
258;Arrhenatherum elatius subsp. bulbosum 
259;Arrhenatherum elatius subsp. Sardoum
260;Arrhenatherum palaestinum 
261;Arrhenatherum palaestinum subsp. macedonicum 
262;Arundinella nepalensis
263;Arundinella nepalensis
264;Arundo collina 
265;Arundo collina subsp. hellenica 
266;Arundo donax
267;Arundo donax
268;Arundo donax
269;Arundo donax 
270;Arundo plinii 
271;Astrebla elymoides
272;Astrebla lappacea
273;Astrebla pectinata
274;Astrebla squarrosa
275;Austrostipa acrociliata
276;Austrostipa bigeniculata
277;Austrostipa blackii
278;Austrostipa breviglumis
279;Austrostipa campylachne
280;Austrostipa compressa
281;Austrostipa crinita
282;Austrostipa curticoma
283;Austrostipa densiflora
284;Austrostipa dongicola
285;Austrostipa drummondii
286;Austrostipa echinata
287;Austrostipa elegantissima
288;Austrostipa eremophila
289;Austrostipa exilis
290;Austrostipa flavescens
291;Austrostipa geoffreyi
292;Austrostipa gibbosa
293;Austrostipa hemipogon
294;Austrostipa juncifolia
295;Austrostipa lanata
296;Austrostipa macalpinei
297;Austrostipa metatoris
298;Austrostipa mollis
299;Austrostipa muelleri
300;Austrostipa multispiculis
301;Austrostipa mundula
302;Austrostipa nitida
303;Austrostipa nodosa
304;Austrostipa nullanulla
305;Austrostipa nullarborensis
306;Austrostipa oligostachya
307;Austrostipa petraea
308;Austrostipa pilata
309;Austrostipa platychaeta
310;Austrostipa plumigera
311;Austrostipa puberula
312;Austrostipa pubinodis
313;Austrostipa pycnostachya
314;Austrostipa scabra 
315;Austrostipa scabra subsp. falcata
316;Austrostipa semibarbata
317;Austrostipa setacea
318;Austrostipa stipoides
319;Austrostipa stuposa
320;Austrostipa teneifolia
321;Austrostipa trichophylla
322;Austrostipa tuckeri
323;Austrostipa variabilis
324;Austrostipa variabilis
325;Austrostipa velutina
326;Austrostipa vickeryana
327;Avellinia festucoides
328;Avellinia festucoides 
329;Avena abyssinica
330;Avena barbata
331;Avena barbata
332;Avena barbata
333;Avena barbata 
334;Avena barbata subsp. castellana 
335;Avena barbata subsp. hirtula 
336;Avena barbata subsp. lusitanica
337;Avena barbata subsp. wiestii 
338;Avena brevis 
339;Avena byzantina
340;Avena byzantina 
341;Avena clauda 
342;Avena eriantha 
343;Avena fatua
344;Avena fatua
345;Avena fatua 
346;Avena fatua 
347;Avena fatua subsp. meridionalis 
348;Avena longiglumis 
349;Avena murphyi 
350;Avena nuda 
351;Avena sativa
352;Avena sativa 
353;Avena sativa 
354;Avena sativa subsp. macrantha 
355;Avena sterilis
356;Avena sterilis 
357;Avena sterilis subsp. atherantha 
358;Avena sterilis subsp. ludoviciana
359;Avena sterilis subsp. ludoviciana
360;Avena sterilis subsp. trichophylla 
361;Avena strigosa
362;Avena strigosa 
363;Avena strigosa 
364;Avena ventricosa 
365;Avenella flexuosa 
366;Avenella flexuosa subsp. corsica 
367;Avenula pubescens 
368;Avenula pubescens subsp. laevigata 
369;Bambusa balcooa 
370;Beckmannia eruciformis 
371;Beckmannia eruciformis subsp. eruciformis
372;Bellardiochloa variegata 
373;Bothriochloa barbinodis
374;Bothriochloa barbinodis 
375;Bothriochloa bladhii 
376;Bothriochloa decipiens
377;Bothriochloa ewartiana
378;Bothriochloa insculpta 
379;Bothriochloa ischaemum 
380;Bothriochloa laguroides 
381;Bothriochloa pertusa 
382;Bouteloua aristidoides
383;Bouteloua barbata
384;Bouteloua curtipendula
385;Bouteloua eriopoda
386;Bouteloua gracilis
387;Bouteloua gracilis 
388;Bouteloua radicosa
389;Brachiara subquadripara
390;Brachiaria chusqueoides
391;Brachiaria occidentalis
392;Brachiaria serrata 
393;Brachypodium distachyon
394;Brachypodium distachyon
395;Brachypodium distachyon
396;Brachypodium flexum
397;Brachypodium gaditanum 
398;Brachypodium genuense
399;Brachypodium glaucovirens 
400;Brachypodium phoenicoides 
401;Brachypodium pinnatum
402;Brachypodium retusum
403;Brachypodium rupestre 
404;Brachypodium rupestre subsp. caespitosum 
405;Brachypodium sylvaticum
406;Briza maxima
407;Briza maxima
408;Briza maxima
409;Briza maxima
410;Briza maxima 
411;Briza media 
412;Briza media subsp. elatior 
413;Briza minor
414;Briza minor
415;Briza minor
416;Briza minor 
417;Briza minor 
418;Briza subaristata
419;Briza subaristatum
420;Brizochloa humilis
421;Bromopsis benekenii 
422;Bromopsis cappadocica 
423;Bromopsis condensata
424;Bromopsis condensata subsp. microtricha 
425;Bromopsis erecta
426;Bromopsis erecta subsp. longiflora 
427;Bromopsis erecta subsp. permixta 
428;Bromopsis erecta subsp. stenophylla 
429;Bromopsis erecta subsp. transsilvanica 
430;Bromopsis inermis
431;Bromopsis pannonica 
432;Bromopsis pannonica subsp. monoclada 
433;Bromopsis pindica 
434;Bromopsis ramosa 
435;Bromopsis riparia 
436;Bromus alopecuros
437;Bromus alopecuros 
438;Bromus alopecuros subsp. caroli-henrici 
439;Bromus alopecurus
440;Bromus arenarius
441;Bromus arvensis 
442;Bromus arvensis subsp. parviflorus 
443;Bromus bidentatus
444;Bromus brachystachys 
445;Bromus cabrerensis 
446;Bromus catharticus
447;Bromus catharticus
448;Bromus chrysopogon
449;Bromus commutatus
450;Bromus commutatus 
451;Bromus commutatus subsp. decipiens 
452;Bromus commutatus subsp. neglectus
453;Bromus diandrus
454;Bromus diandrus
455;Bromus diandrus
456;Bromus elidis 
457;Bromus erectus
458;Bromus grandis
459;Bromus grossus 
460;Bromus hallii
461;Bromus hordeaceus
462;Bromus hordeaceus 
463;Bromus hordeaceus subsp. ferronii
464;Bromus hordeaceus subsp. longipedicellatus 
465;Bromus hordeaceus subsp. mediterraneus 
466;Bromus hordeaceus subsp. molliformis 
467;Bromus hordeaceus subsp. pseudothominei 
468;Bromus hordeaceus subsp. thominei 
469;Bromus intermedius 
470;Bromus intermedius subsp. optimae 
471;Bromus japonicus 
472;Bromus japonicus subsp. anatolicus 
473;Bromus japonicus subsp. subsquarrosus 
474;Bromus laevipes
475;Bromus lanceolatus 
476;Bromus lepidus
477;Bromus madritensis
478;Bromus madritensis
479;Bromus madritensis
480;Bromus maritimus
481;Bromus parvispiculatus 
482;Bromus pectinatus
483;Bromus pectinatus 
484;Bromus pseudolaevipes
485;Bromus racemosus 
486;Bromus regnii 
487;Bromus rigidus
488;Bromus rubens
489;Bromus scoparius
490;Bromus scoparius 
491;Bromus secalinus 
492;Bromus secalinus subsp. billotii 
493;Bromus squarrosus 
494;Bromus squarrosus subsp. consimilis
495;Bromus squarrosus subsp. danubialis 
496;Bromus tectorum
497;Bromus vulgaris
498;Calamagrostis arenaria
499;Calamagrostis arundinacea 
500;Calamagrostis austrodensa
501;Calamagrostis canescens 
502;Calamagrostis drummondii
503;Calamagrostis epigejos 
504;Calamagrostis epigejos subsp. capensis
505;Calamagrostis inaequalis
506;Calamagrostis minor
507;Calamagrostis neglecta
508;Calamagrostis pseudophragmites
509;Calamagrostis purpurea 
510;Calamagrostis purpurea subsp. phragmitoides 
511;Calamagrostis quadriseta
512;Calamagrostis varia 
513;Calamagrostis varia subsp. corsica 
514;Calamagrostis villosa 
515;Calamagrotis nutkaensis
516;Capechloa arundinacea
517;Capechloa cinca
518;Capechloa setacea
519;Capeochloa arundinacea
520;Capeochloa cincta
521;Capeochloa setacea
522;Castellia tuberculosa 
523;Catabrosa aquatica 
524;Catapodium balearicum
525;Catapodium marinum 
526;Catapodium rigidum
527;Catapodium rigidum
528;Catapodium rigidum
529;Catapodium rigidum 
530;Catapodium rigidum subsp. hemipoa 
531;Cenchrus arnhemicus
532;Cenchrus basedowii
533;Cenchrus biflorus 
534;Cenchrus brevisetosus
535;Cenchrus brownii
536;Cenchrus ciliare
537;Cenchrus ciliaris
538;Cenchrus ciliaris
539;Cenchrus ciliaris 
540;Cenchrus clandestinus
541;Cenchrus echinatus
542;Cenchrus echinatus 
543;Cenchrus incertus
544;Cenchrus longisetus 
545;Cenchrus longispinus
546;Cenchrus longispinus 
547;Cenchrus orientalis 
548;Cenchrus prieuri
549;Cenchrus purpureus 
550;Cenchrus ramosissimus
551;Cenchrus rogeri 
552;Cenchrus setaceus 
553;Cenchrus setigerus
554;Cenchrus spicatus 
555;Cenchrus spinifex 
556;Cenchrus violaceus 
557;Centropodia forsskalii 
558;Centropodia fragilis 
559;Ceratochloa carinata 
560;Ceratochloa cathartica 
561;Chaetobromus dregeanus
562;Chaetobromus involucratus
563;Chaetopogon fasciculatus 
564;Chascolytrum koelerioides
565;Chascolytrum rhomboideum
566;Chloris barbata
567;Chloris barbata
568;Chloris crinita
569;Chloris gayana
570;Chloris gayana
571;Chloris gayana
572;Chloris lobata
573;Chloris pectinata
574;Chloris pumilio
575;Chloris truncata
576;Chloris truncata
577;Chloris virgata
578;Chloris virgata
579;Chloris virgata
580;Chloris virgata 
581;Chrysopogon aucheri 
582;Chrysopogon fallax
583;Chrysopogon gryllus 
584;Chrysopogon latifolius
585;Chrysopogon oliganthus
586;Chrysopogon oliganthus
587;Chrysopogon pallidus
588;Chrysopogon setifolius
589;Chrysopogon zizanioides 
590;Chusquea andina
591;Chusquea ciliata
592;Chusquea coleou 
593;Chusquea cumingii
594;Chusquea gigantea
595;Chusquea montana 
596;Chusquea montana subsp. nigricans 
597;Chusquea quila 
598;Cinna bolanderi
599;Cladoraphis cyperoides
600;Cladoraphis spinosa
601;Cleistogenes serotina 
602;Coelachyrum oligobrachiatum 
603;Coelorachis capensis
604;Coix lacryma-jobi 
605;Coleanthus subtilis
606;Cornucopiae cucullatum 
607;Cortaderia araucana
608;Cortaderia atacamensis
609;Cortaderia jubata
610;Cortaderia rudiuscula
611;Cortaderia selloana
612;Cortaderia selloana
613;Cortaderia selloana 
614;Cortaderia seloana
615;Cortaderia speciosa
616;Corynephorus articulatus 
617;Corynephorus canescens 
618;Corynephorus fasciculatus
619;Corynephorus fasciculatus
620;Critesion marinum
621;Crithopsis delileana 
622;Crypsis aculeata
623;Crypsis aculeata 
624;Crypsis acuminata 
625;Crypsis acuminata subsp. ambigua 
626;Crypsis alopecuroides 
627;Crypsis faktorovskyi 
628;Crypsis schoenoides
629;Crypsis schoenoides
630;Crypsis schoenoides
631;Crypsis schoenoides 
632;Crypsis vaginiflora 
633;Ctenopsis cynosuroides 
634;Ctenopsis pectinella 
635;Cutandia dichotoma 
636;Cutandia divaricata 
637;Cutandia maritima
638;Cutandia memphitica
639;Cutandia memphitica 
640;Cutandia stenostachya 
641;Cymbopogon ambiguus
642;Cymbopogon bombycinus
643;Cymbopogon citratus 
644;Cymbopogon dependens
645;Cymbopogon marginatus
646;Cymbopogon nardus
647;Cymbopogon obtectus
648;Cymbopogon pospischilii
649;Cymbopogon procerus
650;Cymbopogon prolixus
651;Cymbopogon schoenanthus 
652;Cymbopogon schoenanthus subsp. proximus 
653;Cynodon ambiguus
654;Cynodon convergens
655;Cynodon dactylon
656;Cynodon dactylon
657;Cynodon dactylon
658;Cynodon dactylon
659;Cynodon dactylon 
660;Cynodon incompletus
661;Cynodon prostratus
662;Cynodon simonii
663;Cynodon tenellus
664;Cynodon transvaalensis
665;Cynodon transvaalensis 
666;Cynosurus balansae 
667;Cynosurus coloratus
668;Cynosurus coloratus 
669;Cynosurus cristatus
670;Cynosurus cristatus
671;Cynosurus cristatus 
672;Cynosurus echinatus
673;Cynosurus echinatus
674;Cynosurus echinatus
675;Cynosurus effusus 
676;Cynosurus elegans 
677;Cynosurus peltieri
678;Cynosurus polybracteatus 
679;Cyperochloa hirsuta
680;Dactylis glomerata
681;Dactylis glomerata
682;Dactylis glomerata
683;Dactylis glomerata
684;Dactylis glomerata 
685;Dactylis glomerata subsp. hackelii 
686;Dactylis glomerata subsp. hispanica 
687;Dactylis glomerata subsp. lobata 
688;Dactylis glomerata subsp. mairei 
689;Dactylis glomerata subsp. reichenbachii 
690;Dactylis glomerata subsp. santai 
691;Dactylis glomerata subsp. slovenica 
692;Dactyloctenium aegyptium
693;Dactyloctenium aegyptium 
694;Dactyloctenium radulans
695;Danthonia alpina 
696;Danthonia araucana
697;Danthonia chilensis
698;Danthonia decumbens
699;Danthonia decumbens 
700;Danthonia malacantha
701;Danthoniastrum brevidentatum 
702;Danthoniastrum compactum
703;Danthoniastrum neumayerianum 
704;Dasyochloa pulchella
705;Dasypyrum hordeaceum 
706;Deschampsia atropurpurea
707;Deschampsia cespitosa
708;Deschampsia cespitosa 
709;Deschampsia cespitosa subsp. brevifolia 
710;Deschampsia cespitosa subsp. parviflora 
711;Deschampsia cespitosa subsp. rhenana 
712;Deschampsia cespitosa subsp. scardica 
713;Deschampsia chrysantha
714;Deschampsia flexuosa
715;Deschampsia looseriana
716;Deschampsia media 
717;Deschampsia media subsp. hispanica 
718;Desmazeria philistaea 
719;Desmazeria sicula 
720;Desmostachya bipinnata 
721;Deyeuxia bolanderi
722;Deyeuxia drummondii
723;Deyeuxia foliosa
724;Deyeuxia inaequalis
725;Deyeuxia koelerioides
726;Deyeuxia muiriana
727;Deyeuxia nutkaensis
728;Deyeuxia ophitidis
729;Dichanthelium acuminatum 
730;Dichanthium foveolatum 
731;Dichanthium sericeum 
732;Dichanthium sericeum subsp. humilius
733;Dichanthium sericeum subsp. polystachyum
734;Dichanthium annulatum
735;Dichanthium annulatum
736;Dichelachne crinita
737;Dichelachne micrantha
738;Dichelachne rara
739;Digitaria aegyptiaca 
740;Digitaria aequiglumis 
741;Digitaria ammophila
742;Digitaria argyrograpta
743;Digitaria bicornis
744;Digitaria brownii
745;Digitaria californica
746;Digitaria ciliaria
747;Digitaria ciliaris
748;Digitaria ciliaris 
749;Digitaria coenicola
750;Digitaria ctenantha
751;Digitaria debilis
752;Digitaria debilis
753;Digitaria diversinervis
754;Digitaria eriantha
755;Digitaria eriantha 
756;Digitaria gibbosa
757;Digitaria ischaemum
758;Digitaria ischaemum 
759;Digitaria longiflora
760;Digitaria mariannensis
761;Digitaria natalensis
762;Digitaria nematostachya
763;Digitaria nodosa 
764;Digitaria papposa
765;Digitaria polyphylla
766;Digitaria sanguinalis
767;Digitaria sanguinalis
768;Digitaria sanguinalis 
769;Digitaria sanguinalis subsp. pectiniformis
770;Digitaria scalarum 
771;Digitaria stenostachya
772;Digitaria ternata
773;Digitaria thouarsiana
774;Digitaria violascens
775;Digitaria violascens 
776;Dimeria ornithopoda
777;Dinebra retroflexa 
778;Diplachne fascicularis 
779;Diplachne fusca
780;Diplachne fusca 
781;Dissanthelium californicum
782;Distichlis bajaensis
783;Distichlis humilis
784;Distichlis littoralis
785;Distichlis spicata
786;Distichlis spicata
787;Dregeochloa calviniensis
788;Drymochloa drymeja 
789;Drymochloa drymeja subsp. exaltata
790;Drymochloa sylvatica 
791;Echinaria capitata 
792;Echinochloa colona
793;Echinochloa colonum 
794;Echinochloa crus-galli
795;Echinochloa crus-galli 
796;Echinochloa crus-galli subsp. hispidula 
797;Echinochloa crus-galli subsp. spiralis 
798;Echinochloa crus-pavonis
799;Echinochloa frumentacea
800;Echinochloa inundata
801;Echinochloa kimberleyensis
802;Echinochloa lacunaria
803;Echinochloa macrandra
804;Echinochloa oryzoides 
805;Echinochloa pyramidalis
806;Echinochloa telmatophila
807;Echinochloa turneriana
808;Echinopogon ovatus 
809;Ectrosia agrostoides
810;Ectrosia danesii
811;Ectrosia lasioclada
812;Ectrosia leporina
813;Ectrosia scabrida
814;Ectrosia schultzii
815;Ehrharta  rehmannii
816;Ehrharta barbinodis
817;Ehrharta brevifolia
818;Ehrharta brevifolia
819;Ehrharta bulbosa
820;Ehrharta calycina
821;Ehrharta calycina
822;Ehrharta calycina
823;Ehrharta capensis
824;Ehrharta delicatula
825;Ehrharta delicatula 
826;Ehrharta digyna
827;Ehrharta dura
828;Ehrharta eburnea
829;Ehrharta erecta
830;Ehrharta erecta
831;Ehrharta erecta 
832;Ehrharta erecta subsp. erecta
833;Ehrharta erecta subsp. natalensis
834;Ehrharta laevis
835;Ehrharta longiflora
836;Ehrharta longiflora
837;Ehrharta longifolia
838;Ehrharta melicoides
839;Ehrharta microlaena
840;Ehrharta ottonis
841;Ehrharta pusilla
842;Ehrharta ramosa
843;Ehrharta rehmannii
844;Ehrharta rupestris
845;Ehrharta setacea
846;Ehrharta setacia
847;Ehrharta thunbergii
848;Ehrharta triandra
849;Ehrharta villosa
850;Ehrharta villosa
851;Eleusine coracana
852;Eleusine coracana
853;Eleusine coracana 
854;Eleusine indica
855;Eleusine indica 
856;Eleusine indica subsp. africana
857;Eleusine tristachya
858;Eleusine tristachya 
859;Elionurus citreus
860;Elionurus royleanus 
861;Ellisochloa papposa
862;Elymus angulatus 
863;Elymus californicus
864;Elymus caninus 
865;Elymus caput-medusae
866;Elymus cinereus
867;Elymus condensatus
868;Elymus distichus
869;Elymus distichus
870;Elymus elymoides
871;Elymus elymoides subsp. brevifolius
872;Elymus elymoides subsp. californicus
873;Elymus elymoides subsp. hordeoides
874;Elymus glaucus
875;Elymus glaucus subsp. virescens
876;Elymus hansenii
877;Elymus hirsutus
878;Elymus hispanicus 
879;Elymus interruptus
880;Elymus lanceolatus
881;Elymus magellanicus
882;Elymus marginatus 
883;Elymus marginatus subsp. kabylicus 
884;Elymus mollis
885;Elymus multisetus
886;Elymus pacificus
887;Elymus panormitanus
888;Elymus repens
889;Elymus repens
890;Elymus salina
891;Elymus saundersii
892;Elymus scribneri
893;Elymus sierrae
894;Elymus smithii
895;Elymus spicatus
896;Elymus stebbinsii
897;Elymus stebbinsii subsp. septentrionalis
898;Elymus trachycaulus
899;Elymus triticoides
900;Elymus vancouverensis 
901;Elymus x gouldii
902;Elytrigia atherica 
903;Elytrigia elongata 
904;Elytrigia elongata subsp. haifensis
905;Elytrigia intermedia 
906;Elytrigia intermedia subsp. pouzolzii 
907;Elytrigia intermedia subsp. pulcherrima
908;Elytrigia intermedia subsp. trichophora 
909;Elytrigia intermedia subsp. varnensis 
910;Elytrigia juncea 
911;Elytrigia obtusiflora
912;Elytrigia obtusiflora subsp. graeca
913;Elytrigia repens 
914;Elytrigia sartorii 
915;Elytrigia scirpea 
916;Elytrigia strigosa 
917;Elytrophorus spicatus
918;Enneapogon avenaceus
919;Enneapogon caerulescens
920;Enneapogon cenchroides
921;Enneapogon cylindricus
922;Enneapogon decipiens
923;Enneapogon desvauxii
924;Enneapogon desvauxii
925;Enneapogon desvauxii 
926;Enneapogon glumosus 
927;Enneapogon intermedius
928;Enneapogon lindleyanus
929;Enneapogon nigricans
930;Enneapogon pallidus
931;Enneapogon polyphyllus
932;Enneapogon purpurascens
933;Enneapogon robustissimus
934;Enneapogon scaber
935;Enneapogon scaber 
936;Enneapogon scoparius
937;Enteropogon acicularis
938;Enteropogon dolichostachyus
939;Enteropogon ramosus
940;Eragrostis bergiana
941;Eragrostis racemosa
942;Eragrostis atrovirens 
943;Eragrostis australasica
944;Eragrostis bahiensis 
945;Eragrostis barrelieri
946;Eragrostis barrelieri 
947;Eragrostis barrelieri subsp. pygmaea 
948;Eragrostis basedowii
949;Eragrostis brownii
950;Eragrostis capensis
951;Eragrostis capillaris
952;Eragrostis capillaris 
953;Eragrostis cilianensi subsp. starosselskyi 
954;Eragrostis cilianensis
955;Eragrostis cilianensis
956;Eragrostis cilianensis 
957;Eragrostis confertiflora
958;Eragrostis congesta
959;Eragrostis crateriformis
960;Eragrostis cumingii
961;Eragrostis curvula
962;Eragrostis curvula
963;Eragrostis curvula
964;Eragrostis desertorum
965;Eragrostis dielsii
966;Eragrostis elatior
967;Eragrostis elongata
968;Eragrostis eriopoda
969;Eragrostis exigua
970;Eragrostis falcata
971;Eragrostis filicaulis
972;Eragrostis frankii 
973;Eragrostis gummiflua
974;Eragrostis heteromera
975;Eragrostis homomalla
976;Eragrostis hypnoides
977;Eragrostis infecunda
978;Eragrostis intermedia
979;Eragrostis japonica 
980;Eragrostis kennedyae
981;Eragrostis kuschelii
982;Eragrostis lacunaria
983;Eragrostis laniflora
984;Eragrostis lanipes
985;Eragrostis leptocarpa
986;Eragrostis leptocarpa 
987;Eragrostis lutescens
988;Eragrostis mexicana
989;Eragrostis mexicana 
990;Eragrostis mexicana subsp. virescens
991;Eragrostis mexicana subsp. virescens
992;Eragrostis minor
993;Eragrostis minor
994;Eragrostis minor 
995;Eragrostis minor subsp. angusta
996;Eragrostis minor subsp. roborovskii 
997;Eragrostis multicaulis 
998;Eragrostis multiglandulosa 
999;Eragrostis obtusa
1000;Eragrostis oldfieldii
1001;Eragrostis olida
1002;Eragrostis papposa 
1003;Eragrostis parviflora
1004;Eragrostis pastoensis
1005;Eragrostis pectinacea
1006;Eragrostis pectinacea 
1007;Eragrostis pergracilis
1008;Eragrostis petraea
1009;Eragrostis pilosa
1010;Eragrostis pilosa
1011;Eragrostis pilosa
1012;Eragrostis pilosa 
1013;Eragrostis plana
1014;Eragrostis planiculmis
1015;Eragrostis potamophila
1016;Eragrostis pubescens
1017;Eragrostis rigidiuscula
1018;Eragrostis sabulosa
1019;Eragrostis sarmentosa
1020;Eragrostis schultzii
1021;Eragrostis secundiflora
1022;Eragrostis setifolia
1023;Eragrostis speciosa
1024;Eragrostis superba
1025;Eragrostis superba
1026;Eragrostis surreyana
1027;Eragrostis tef
1028;Eragrostis tef
1029;Eragrostis tef 
1030;Eragrostis tenella
1031;Eragrostis tenellula
1032;Eragrostis tenuifolia
1033;Eragrostis trichophora 
1034;Eragrostis virescens
1035;Eragrostis virescens 
1036;Eragrostis xerophila
1037;Eremopyrum buonapartis 
1038;Eremopyrum distans 
1039;Eremopyrum orientale 
1040;Eriachne aristidea
1041;Eriachne armitii
1042;Eriachne avenacea
1043;Eriachne benthamii
1044;Eriachne burkittii
1045;Eriachne ciliata
1046;Eriachne fastigiata
1047;Eriachne festucacea
1048;Eriachne filiformis
1049;Eriachne flaccida
1050;Eriachne gardneri
1051;Eriachne glandulosa
1052;Eriachne glauca 
1053;Eriachne helmsii
1054;Eriachne imbricata
1055;Eriachne lanata
1056;Eriachne melicacea
1057;Eriachne mucronata
1058;Eriachne obtusa
1059;Eriachne ovata
1060;Eriachne pauciflora
1061;Eriachne pulchella
1062;Eriachne pulchella subsp. dominii
1063;Eriachne squarrosa
1064;Eriachne sulcata
1065;Eriachne tenuiculmis
1066;Eriachne triodioides
1067;Eriachne triseta
1068;Eriochloa australiensis
1069;Eriochloa procera
1070;Eriochloa pseudoacrotricha
1071;Eriochloa spp.
1072;Euchlaena mexicana 
1073;Eulalia aurea
1074;Eulalia mackinlayi
1075;Eulalia villosa
1076;Eustachys distichophylla
1077;Eustachys distichophylla
1078;Eustachys paspaloides
1079;Festuca acanthophylla
1080;Festuca acuminata 
1081;Festuca adamovicii 
1082;Festuca africana
1083;Festuca airoides 
1084;Festuca alfrediana 
1085;Festuca algeriensis 
1086;Festuca alpestris
1087;Festuca alpina 
1088;Festuca altopyrenaica
1089;Festuca ambigua
1090;Festuca amethystina 
1091;Festuca amethystina subsp. kummeri 
1092;Festuca ampla 
1093;Festuca ampla subsp. simplex 
1094;Festuca ampla subsp. transtagana 
1095;Festuca apuanica 
1096;Festuca armoricana 
1097;Festuca arundinacea
1098;Festuca arundinacea
1099;Festuca arvernensis 
1100;Festuca arvernensis subsp. costei 
1101;Festuca atlantica 
1102;Festuca austrodolomitica 
1103;Festuca bartherei 
1104;Festuca bauzanina 
1105;Festuca benthamiana
1106;Festuca billyi 
1107;Festuca borderei 
1108;Festuca bosniaca 
1109;Festuca bosniaca subsp. chlorantha 
1110;Festuca braun-blanquetii 
1111;Festuca breistrofferi 
1112;Festuca brigantina 
1113;Festuca brigantina subsp. actyophyta 
1114;Festuca bromoides
1115;Festuca burgundiana 
1116;Festuca cagiriensis 
1117;Festuca californica
1118;Festuca callieri 
1119;Festuca callieri subsp. callieri
1120;Festuca calva 
1121;Festuca capillifolia 
1122;Festuca caprina
1123;Festuca cenisia
1124;Festuca centroapenninica 
1125;Festuca chasii 
1126;Festuca christianii-bernardii
1127;Festuca cinerea 
1128;Festuca circummediterranea 
1129;Festuca cordubensis 
1130;Festuca cyllenica 
1131;Festuca cyllenica subsp. pangaei 
1132;Festuca cyllenica subsp. thasia 
1133;Festuca cyrnea 
1134;Festuca dalmatica 
1135;Festuca dertosensis 
1136;Festuca deserti 
1137;Festuca deserti subsp. aurasiaca 
1138;Festuca djurdjurae 
1139;Festuca elmeri
1140;Festuca eskia 
1141;Festuca fabrei 
1142;Festuca filiformis 
1143;Festuca flavescens 
1144;Festuca gamisansii 
1145;Festuca gamisansii subsp. aethaliae 
1146;Festuca gautieri 
1147;Festuca gautieri subsp. scoparia 
1148;Festuca glacialis
1149;Festuca glauca 
1150;Festuca graeca 
1151;Festuca graeca subsp. pawlowskiana
1152;Festuca graniticola 
1153;Festuca gredensis 
1154;Festuca halleri 
1155;Festuca halleri subsp. scardica
1156;Festuca hercegovinica 
1157;Festuca heteromalla
1158;Festuca heteropachys 
1159;Festuca heterophylla 
1160;Festuca hirtovaginata 
1161;Festuca horvatiana 
1162;Festuca huonii 
1163;Festuca hypsophila
1164;Festuca iberica 
1165;Festuca idahoensis
1166;Festuca idahoensis 
1167;Festuca illyrica 
1168;Festuca imperatrix
1169;Festuca incurva
1170;Festuca indigesta 
1171;Festuca indigesta subsp. hackelii 
1172;Festuca inops 
1173;Festuca intercedens 
1174;Festuca jeanpertii 
1175;Festuca jeanpertii subsp. achaica 
1176;Festuca jeanpertii subsp. campana 
1177;Festuca juncifolia 
1178;Festuca kingii
1179;Festuca korabensis 
1180;Festuca koritnicensis 
1181;Festuca kozanensis 
1182;Festuca laevigata 
1183;Festuca laevigata subsp. crassifolia 
1184;Festuca lahonderei 
1185;Festuca lambinonii 
1186;Festuca lapidosa 
1187;Festuca lemanii 
1188;Festuca liviensis 
1189;Festuca longiauriculata 
1190;Festuca longifolia 
1191;Festuca longifolia subsp. pseudocostei 
1192;Festuca luedii 
1193;Festuca macedonica 
1194;Festuca marginata 
1195;Festuca marginata subsp. andres-molinae 
1196;Festuca marginata subsp. gallica 
1197;Festuca melanopsis 
1198;Festuca michaelis
1199;Festuca microphylla 
1200;Festuca minutiflora
1201;Festuca muralis
1202;Festuca myuros
1203;Festuca nigrescens 
1204;Festuca nitida 
1205;Festuca nitida subsp. macrathera 
1206;Festuca norica 
1207;Festuca numidica 
1208;Festuca occidentalis
1209;Festuca occitanica 
1210;Festuca ochroleuca 
1211;Festuca ochroleuca subsp. bigorronensis 
1212;Festuca ochroleuca subsp. heteroidea 
1213;Festuca olympica 
1214;Festuca ovina 
1215;Festuca ovina subsp. guestfalica 
1216;Festuca ovina subsp. hirtula 
1217;Festuca ovina subsp. molinieri 
1218;Festuca oviniformis 
1219;Festuca pallens 
1220;Festuca panciciana 
1221;Festuca paucispicula 
1222;Festuca penzesii 
1223;Festuca peristerea 
1224;Festuca picturata 
1225;Festuca pindica
1226;Festuca pirinica
1227;Festuca plicata 
1228;Festuca plonkae 
1229;Festuca polita
1230;Festuca pratensis
1231;Festuca prudhommei 
1232;Festuca pseudodura 
1233;Festuca pseudovaria 
1234;Festuca pyrenaica 
1235;Festuca quadriflora 
1236;Festuca querana 
1237;Festuca rectifolia 
1238;Festuca reverchonii 
1239;Festuca riccerii 
1240;Festuca rivularis 
1241;Festuca rivularis subsp. rivularis
1242;Festuca robustifolia 
1243;Festuca roemeri
1244;Festuca rohlenae 
1245;Festuca romoi 
1246;Festuca rothmaleri 
1247;Festuca rubra
1248;Festuca rubra 
1249;Festuca rubra subsp. rubra
1250;Festuca rubra subsp. juncea 
1251;Festuca rubra subsp. litoralis 
1252;Festuca rubra subsp. pruinosa 
1253;Festuca rubra subsp. thessalica 
1254;Festuca rupicaprina 
1255;Festuca ruscinonensis 
1256;Festuca scabra
1257;Festuca scabriculmis
1258;Festuca scariosa 
1259;Festuca stenantha 
1260;Festuca stricta 
1261;Festuca stricta subsp. sulcata
1262;Festuca stricta subsp. trachyphylla 
1263;Festuca subuliflora
1264;Festuca summilusitana 
1265;Festuca taurica 
1266;Festuca thracica
1267;Festuca ticinensis
1268;Festuca trichophylla 
1269;Festuca trichophylla subsp. asperifolia 
1270;Festuca tunicata
1271;Festuca vaginata 
1272;Festuca valentina
1273;Festuca valesiaca 
1274;Festuca valesiaca subsp. parviflora 
1275;Festuca valida 
1276;Festuca valida subsp. leilaensis 
1277;Festuca varia 
1278;Festuca vasconcensis 
1279;Festuca veneris 
1280;Festuca violacea 
1281;Festuca violacea subsp. handellii 
1282;Festuca violacea subsp. italica 
1283;Festuca violacea subsp. puccinellii 
1284;Festuca viridula
1285;Festuca vivipara 
1286;Festuca vulpioides
1287;Festuca winnebachensis 
1288;Festuca xanthina 
1289;Festuca yvesii 
1290;Festuca yvesii subsp. bellottii 
1291;Festucopsis serpentini 
1292;Festucopsis serpentini subsp. lurensis 
1293;Fingerhuthia africana
1294;Gastridium phleoides
1295;Gastridium phleoides
1296;Gastridium phleoides
1297;Gastridium ventricosa
1298;Gastridium ventricosum
1299;Gastridium ventricosum 
1300;Gaudinia fragilis 
1301;Gaudinia hispanica 
1302;Gaudiniopsis macra 
1303;Geochloa decora
1304;Geochloa lanata
1305;Geochloa lupulina
1306;Geochloa rufa
1307;Germainia truncatiglumis
1308;Glyceria arundinacea
1309;Glyceria australis
1310;Glyceria borealis
1311;Glyceria declinata
1312;Glyceria declinata
1313;Glyceria declinata 
1314;Glyceria drummondii
1315;Glyceria elata
1316;Glyceria fluitans 
1317;Glyceria grandis
1318;Glyceria grandis 
1319;Glyceria leptostachya
1320;Glyceria maxima
1321;Glyceria maxima 
1322;Glyceria nemoralis 
1323;Glyceria notata 
1324;Glyceria spicata 
1325;Glyceria striata
1326;Glyceria striata 
1327;Glyceria striata subsp. difformis 
1328;Hainardia cylindrica
1329;Hainardia cylindrica
1330;Hainardia cylindrica
1331;Hainardia cylindrica 
1332;Harpochloa falx
1333;Helictochloa adsurgens 
1334;Helictochloa adsurgens subsp. ausserdorferi 
1335;Helictochloa blaui 
1336;Helictochloa bromoides 
1337;Helictochloa bromoides subsp. pauneroi 
1338;Helictochloa cincinnata 
1339;Helictochloa compressa 
1340;Helictochloa gervaisii 
1341;Helictochloa gervaisii subsp. arundana 
1342;Helictochloa marginata 
1343;Helictochloa praeusta 
1344;Helictochloa praeusta subsp. pseudoviolacea 
1345;Helictochloa pratensis 
1346;Helictochloa pratensis subsp. iberica 
1347;Helictochloa pratensis subsp. requienii 
1348;Helictochloa pruinosa 
1349;Helictochloa versicolor
1350;Helictochloa versicolor subsp. praetutiana 
1351;Helictotrichon barbatum
1352;Helictotrichon cantabricum 
1353;Helictotrichon capense
1354;Helictotrichon convolutum 
1355;Helictotrichon dodii
1356;Helictotrichon filifolium 
1357;Helictotrichon filifolium subsp. arundanum 
1358;Helictotrichon hirtulum
1359;Helictotrichon leoninum
1360;Helictotrichon longifolium
1361;Helictotrichon longum
1362;Helictotrichon macrostachyum 
1363;Helictotrichon namaquense
1364;Helictotrichon parlatorei
1365;Helictotrichon petzense 
1366;Helictotrichon quinquesetum
1367;Helictotrichon rogelellisii
1368;Helictotrichon roggeveldense
1369;Helictotrichon sedenense 
1370;Helictotrichon sempervirens 
1371;Helictotrichon setaceum 
1372;Helictotrichon turgidulum
1373;Hemarthria altissima
1374;Hemarthria altissima 
1375;Hemarthria uncinata 
1376;Heterachne abortiva
1377;Heterachne gulliveri
1378;Heteropholis annua
1379;Heteropogon contortus
1380;Heteropogon contortus
1381;Heteropogon contortus 
1382;Hierochloe australis 
1383;Hierochloe hirta 
1384;Hierochloe hirta subsp. arctica 
1385;Hierochloe odorata 
1386;Hilaria jamesii
1387;Holcus annuus 
1388;Holcus annuus subsp. setiglumis 
1389;Holcus grandiflorus 
1390;Holcus lanatus
1391;Holcus lanatus
1392;Holcus lanatus
1393;Holcus lanatus 
1394;Holcus lanatus 
1395;Holcus mollis
1396;Holcus mollis
1397;Holcus notarisii 
1398;Holcus setiger
1399;Hordelymus europaeus 
1400;Hordeum brachyantherum
1401;Hordeum brachyantherum subsp. californicum
1402;Hordeum brachyatherum
1403;Hordeum bulbosum 
1404;Hordeum bulbosum subsp. nodosum 
1405;Hordeum capense
1406;Hordeum chilense 
1407;Hordeum comosum 
1408;Hordeum depressum
1409;Hordeum fuegianum 
1410;Hordeum geniculatum
1411;Hordeum geniculatum 
1412;Hordeum intercedens
1413;Hordeum jubatum
1414;Hordeum jubatum
1415;Hordeum jubatum 
1416;Hordeum lechleri 
1417;Hordeum marinum 
1418;Hordeum marinum subsp. gussoneanum
1419;Hordeum marinum subsp. gussoneanum
1420;Hordeum murinum
1421;Hordeum murinum
1422;Hordeum murinum 
1423;Hordeum murinum subsp. glaucum
1424;Hordeum murinum subsp. glaucum 
1425;Hordeum murinum subsp. leporinum
1426;Hordeum murinum subsp. leporinum 
1427;Hordeum murinum subsp. setariurum 
1428;Hordeum muticum 
1429;Hordeum parodii 
1430;Hordeum patagonicum 
1431;Hordeum secalinum 
1432;Hordeum stenostachys 
1433;Hordeum vulgare
1434;Hordeum vulgare 
1435;Hordeum vulgare 
1436;Hordeum vulgare subsp. agriocrithon 
1437;Hordeum vulgare subsp. distichon 
1438;Hordeum vulgare subsp. distichon 
1439;Hordeum vulgare subsp. spontaneum 
1440;Hyparrhenia anamesa
1441;Hyparrhenia hirta
1442;Hyparrhenia hirta
1443;Hyparrhenia hirta
1444;Hyparrhenia hirta 
1445;Imperata cylindrica
1446;Imperata cylindrica 
1447;Imperata parodii
1448;Isachne globosa
1449;Ischaemum albovillosum
1450;Iseilema ciliatum
1451;Iseilema dolichotrichum
1452;Iseilema eremaeum
1453;Iseilema fragile
1454;Iseilema holmesii
1455;Iseilema macratherum
1456;Iseilema membranaceum
1457;Iseilema trichopus
1458;Iseilema vaginiflorum
1459;Jarava plumosa
1460;Koeleria brevis 
1461;Koeleria capensis
1462;Koeleria cenisia 
1463;Koeleria crassipes 
1464;Koeleria crassipes subsp. filifolia 
1465;Koeleria eriostachya 
1466;Koeleria glauca 
1467;Koeleria hirsuta 
1468;Koeleria insubrica 
1469;Koeleria lucana 
1470;Koeleria macrantha
1471;Koeleria macrantha 
1472;Koeleria pyramidata
1473;Koeleria pyramidata subsp. montana
1474;Koeleria splendens 
1475;Koeleria splendens subsp. brutia 
1476;Koeleria splendens subsp. grandiflora 
1477;Koeleria splendens subsp. ophiolithica 
1478;Koeleria subcaudata 
1479;Koeleria vallesiana 
1480;Koeleria vallesiana subsp. alpicola 
1481;Koordersiochloa longiarista
1482;Lachnagrostis aemula
1483;Lachnagrostis avenacea
1484;Lachnagrostis batesii
1485;Lachnagrostis drummondiana
1486;Lachnagrostis filiformis
1487;Lachnagrostis limitanea
1488;Lachnagrostis nesomytica
1489;Lachnagrostis palustris
1490;Lachnagrostis perennis
1491;Lachnagrostis plebeia
1492;Lachnagrostis preissii
1493;Lachnagrostis punicea 
1494;Lachnagrostis robusta
1495;Lachnagrostis rudis
1496;Lagurus ovatus
1497;Lagurus ovatus
1498;Lagurus ovatus
1499;Lagurus ovatus 
1500;Lagurus ovatus subsp. nanus 
1501;Lagurus ovatus subsp. vestitus
1502;Lamarckia aurea
1503;Lamarckia aurea
1504;Lamarckia aurea 
1505;Lamarkia aurea
1506;Lasiurus scindicus 
1507;Leersia hexandra
1508;Leersia hexandra 
1509;Leersia oryzoides 
1510;Leptochloa digitata
1511;Leptochloa dubia
1512;Leptochloa fusca
1513;Leptochloa fusca
1514;Leptochloa neesii
1515;Leptochloa panicea
1516;Leptochloa panicea 
1517;Leptochloa panicea subsp. brachiata
1518;Lepturus copeanus
1519;Lepturus repens
1520;Lepturus xerophilus
1521;Leucopoa calabrica 
1522;Leucopoa laxa 
1523;Leucopoa pulchella 
1524;Leucopoa pulchella subsp. jurana 
1525;Leucopoa spectabilis subsp. affinis 
1526;Leucopoa spectabilis subsp. carniolica 
1527;Leucopoa spectabilis subsp. croatica
1528;Leucopoa spectabilis subsp. spectabilis
1529;Leucopoa stygia 
1530;Leymus arenarius
1531;Leymus arenarius 
1532;Leymus californicus
1533;Leymus condensatus
1534;Leymus mollis
1535;Leymus pacificus
1536;Leymus racemosus 
1537;Leymus racemosus subsp. sabulosus
1538;Leymus salinus
1539;Linkagrostis juressi 
1540;Lolium multiflora x perenne
1541;Lolium multiflorum
1542;Lolium multiflorum
1543;Lolium multiflorum
1544;Lolium multiflorum 
1545;Lolium perenne
1546;Lolium perenne
1547;Lolium perenne
1548;Lolium perenne 
1549;Lolium perenne subsp. trabutii 
1550;Lolium remotum 
1551;Lolium rigidum
1552;Lolium rigidum
1553;Lolium rigidum 
1554;Lolium rigidum subsp. lepturoides 
1555;Lolium scholzii 
1556;Lolium subulatum 
1557;Lolium temulentum
1558;Lolium temulentum
1559;Lolium temulentum 
1560;Lolium temulentum subsp. arvense
1561;Lophochloa cristata
1562;Lophochloa pumila
1563;Lygeum spartum 
1564;Macrochloa tenacissima 
1565;Macrochloa tenacissima subsp. gabesensis 
1566;Megathyrsus maximus 
1567;Melica altissima 
1568;Melica amethystina 
1569;Melica argentata
1570;Melica aristata
1571;Melica bocquetii 
1572;Melica californica
1573;Melica ciliata
1574;Melica ciliata 
1575;Melica ciliata subsp. glauca 
1576;Melica ciliata subsp. magnolii 
1577;Melica commersonnii
1578;Melica cupanii 
1579;Melica harfordii
1580;Melica humilis 
1581;Melica imperfecta
1582;Melica longiflora
1583;Melica minuta 
1584;Melica minuta subsp. latifolia 
1585;Melica mollis
1586;Melica nutans 
1587;Melica paulsenii
1588;Melica picta 
1589;Melica poecilantha
1590;Melica rectiflora 
1591;Melica subulata
1592;Melica torreyana
1593;Melica transsilvanica 
1594;Melica transsilvanica subsp. klokovii 
1595;Melica trebinjensis 
1596;Melica uniflora
1597;Melica violacea
1598;Melinis drakensbergensis
1599;Melinis macrochaeta
1600;Melinis nerviglumis
1601;Melinis racemosa
1602;Melinis repens
1603;Melinis repens 
1604;Merxmuellera disticha
1605;Merxmuellera dura
1606;Merxmuellera stricta
1607;Mibora minima
1608;Mibora minima 
1609;Micraira brevis
1610;Micraira dunlopii
1611;Micraira lazaridis
1612;Micraira spiciforma
1613;Microlaena stipoides
1614;Micropyropsis tuberosa 
1615;Micropyrum patens 
1616;Micropyrum tenellum 
1617;Microstegium nudum
1618;Milium effusum 
1619;Milium effusum subsp. alpicola 
1620;Milium pedicellare 
1621;Milium vernale 
1622;Milium vernale subsp. intermedium 
1623;Milium vernale subsp. montianum 
1624;Milium vernale subsp. scabrum 
1625;Miscanthus capensis
1626;Miscanthus ecklonii
1627;Miscanthus sinensis
1628;Mnesithea formosa
1629;Molineriella laevis 
1630;Molineriella minuta
1631;Molineriella minuta 
1632;Molinia arundinacea 
1633;Molinia caerulea 
1634;Monachather paradoxus
1635;Monanthochloe littoralis
1636;Monodia stipoides
1637;Moorochloa eruciformis 
1638;Muhlenbergia alopecuroides
1639;Muhlenbergia andina
1640;Muhlenbergia appressa
1641;Muhlenbergia arsenei
1642;Muhlenbergia asperifolia
1643;Muhlenbergia californica
1644;Muhlenbergia emersleyi
1645;Muhlenbergia filiformis
1646;Muhlenbergia fragilis
1647;Muhlenbergia frondosa 
1648;Muhlenbergia glauca
1649;Muhlenbergia jonesii
1650;Muhlenbergia mexicana
1651;Muhlenbergia microsperma
1652;Muhlenbergia minutissima
1653;Muhlenbergia montana
1654;Muhlenbergia pauciflora
1655;Muhlenbergia porteri
1656;Muhlenbergia richardsonis
1657;Muhlenbergia rigens
1658;Muhlenbergia schreberi 
1659;Muhlenbergia utilis
1660;Narduroides salzmannii
1661;Nardus stricta 
1662;Nasella trichotoma
1663;Nassella barbinodis
1664;Nassella cernua
1665;Nassella chilensis
1666;Nassella coquimbensis
1667;Nassella duriuscula
1668;Nassella formicarum 
1669;Nassella gibba
1670;Nassella hirtifolia
1671;Nassella juncea
1672;Nassella lepida
1673;Nassella macrathera
1674;Nassella mucronata 
1675;Nassella neesiana
1676;Nassella neesiana
1677;Nassella neesiana 
1678;Nassella parodii
1679;Nassella pfisteri
1680;Nassella pulchra
1681;Nassella pungens
1682;Nassella tenuissima
1683;Nassella trichotoma
1684;Nassella trichotoma
1685;Neoschischkinia elegans
1686;Neoschischkinia nebulosa 
1687;Neoschischkinia pourrettii 
1688;Neoschischkinia reuteri 
1689;Neoschischkinia truncatula 
1690;Neostapfia colusana
1691;Neurachne alopecuroidea
1692;Neurachne lanigera
1693;Neurachne minor
1694;Neurachne muelleri
1695;Neurachne munroi
1696;Neurachne annularis
1697;Ochlopoa annua 
1698;Ochlopoa annua subsp. pilantha 
1699;Ochlopoa harveyi 
1700;Ochlopoa infirma 
1701;Ochlopoa maroccana 
1702;Ochlopoa supina 
1703;Ochthochloa compressa 
1704;Odyssea paucinervis
1705;Ophiuros exaltatus
1706;Oplismenus hirtellus
1707;Oplismenus hirtellus
1708;Oplismenus hirtellus 
1709;Oplismenus hirtellus subsp. undulatifolius 
1710;Oplismenus imbecillis
1711;Oplismenus undulatifolius
1712;Orcuttia californica
1713;Orcuttia inaequalis
1714;Orcuttia pilosa
1715;Orcuttia tenuis
1716;Orcuttia viscida
1717;Oreochloa disticha 
1718;Oreochloa disticha subsp. blanka 
1719;Oreochloa seslerioides 
1720;Oryza australiensis
1721;Oryza meridionalis
1722;Oryza rufipogon
1723;Oryza rufipogon 
1724;Oryza sativa
1725;Oryza sativa 
1726;Oryza sativa 
1727;Oxychloris scariosa
1728;Panicum aequinerve
1729;Panicum arcurameum
1730;Panicum australiense
1731;Panicum capillare
1732;Panicum buncei
1733;Panicum capillare
1734;Panicum capillare 
1735;Panicum capillare 
1736;Panicum coloratum
1737;Panicum decompositum
1738;Panicum decompositum 
1739;Panicum deustum
1740;Panicum dichotomiflorum 
1741;Panicum effusum
1742;Panicum philadelphicum
1743;Panicum hillmanii 
1744;Panicum jacobsianum
1745;Panicum laevinode
1746;Panicum latzii
1747;Panicum longifolium
1748;Panicum majusculum
1749;Panicum maximum
1750;Panicum miliaceum 
1751;Panicum miliaceum subsp. agricolum 
1752;Panicum miliaceum subsp. ruderale 
1753;Panicum muelleri
1754;Panicum pauciflorum
1755;Panicum repens
1756;Panicum repens 
1757;Panicum schinzii
1758;Panicum seminudum
1759;Panicum stapfianum
1760;Panicum subalbidum
1761;Panicum trichoides
1762;Panicum turgidum 
1763;Paractaenum novae-hollandiae
1764;Parapholis filiformis 
1765;Parapholis incurva
1766;Parapholis incurva
1767;Parapholis incurva
1768;Parapholis incurva 
1769;Parapholis marginata 
1770;Parapholis pycnantha 
1771;Parvotrisetum myrianthum 
1772;Paspalidium obtusifolium 
1773;Paspalum dilatatum
1774;Paspalum dilatatum
1775;Paspalum dilatatum 
1776;Paspalum distichum
1777;Paspalum distichum
1778;Paspalum distichum 
1779;Paspalum exaltatum 
1780;Paspalum fasciculatum
1781;Paspalum notatum
1782;Paspalum notatum 
1783;Paspalum quadrifarium 
1784;Paspalum scrobiculatum
1785;Paspalum scrobiculatum
1786;Paspalum spp.
1787;Paspalum urvillei
1788;Paspalum urvillei
1789;Paspalum urvillei
1790;Paspalum vaginatum
1791;Paspalum vaginatum 
1792;Patzkea coerulescens 
1793;Patzkea durandoi 
1794;Patzkea durandoi subsp. fontqueri 
1795;Patzkea paniculata 
1796;Patzkea paniculata subsp. baetica 
1797;Patzkea paniculata subsp. longiglumis 
1798;Patzkea patula 
1799;Patzkea spadicea 
1800;Pennisetum  macrourum
1801;Pennisetum chilense 
1802;Pennisetum clandestinum
1803;Pennisetum clandestinum
1804;Pennisetum purpureum
1805;Pennisetum setaceum
1806;Pennisetum setaceum
1807;Pennisetum sphacelatum
1808;Pennisetum thunbergii
1809;Pennisetum villosum
1810;Pennisetum villosum
1811;Pentameris acinosa
1812;Pentameris airoides
1813;Pentameris airoides
1814;Pentameris alticola
1815;Pentameris ampla
1816;Pentameris argentea
1817;Pentameris aristidoides
1818;Pentameris aristifolia
1819;Pentameris aspera
1820;Pentameris aurea
1821;Pentameris bachmannii
1822;Pentameris barbata 
1823;Pentameris barbata subsp. orientalis
1824;Pentameris calcicola
1825;Pentameris calcicola subsp. hirsuta
1826;Pentameris capensis
1827;Pentameris capillaris
1828;Pentameris caulescens
1829;Pentameris cirrhulosa
1830;Pentameris clavata
1831;Pentameris colorata
1832;Pentameris curvifolia
1833;Pentameris densifolia
1834;Pentameris dentata
1835;Pentameris distichophylla
1836;Pentameris ecklonii
1837;Pentameris elegans
1838;Pentameris ellisii
1839;Pentameris eriostoma
1840;Pentameris glacialis
1841;Pentameris glandulosa
1842;Pentameris heptamera
1843;Pentameris hirtiglumis
1844;Pentameris holciformis
1845;Pentameris horrida
1846;Pentameris juncifolia
1847;Pentameris lima
1848;Pentameris longiglumis 
1849;Pentameris longiglumis subsp. gymnocolea
1850;Pentameris longipes
1851;Pentameris macrocalycina
1852;Pentameris malouinensis
1853;Pentameris microphylla
1854;Pentameris montana
1855;Pentameris obstusifolia
1856;Pentameris oreophila
1857;Pentameris pallescens
1858;Pentameris pallida
1859;Pentameris pallida
1860;Pentameris patula
1861;Pentameris pholiuroides
1862;Pentameris pseudopallescens
1863;Pentameris pungens
1864;Pentameris pusilla
1865;Pentameris pyrophila
1866;Pentameris reflexa
1867;Pentameris rigidissima
1868;Pentameris rosea
1869;Pentameris rupestris
1870;Pentameris scabra
1871;Pentameris scandens
1872;Pentameris swartbergensis
1873;Pentameris thuarii
1874;Pentameris tomentella
1875;Pentameris tortuosa
1876;Pentameris trifida
1877;Pentameris triseta
1878;Pentameris uniflora
1879;Pentameris velutiria
1880;Pentameris veneta
1881;Pentameris viscidula
1882;Pentapogon quadrifidus
1883;Pentaschistis airoides
1884;Pentaschistis airoides
1885;Pentaschistis curvifolia
1886;Pentaschistis pallida
1887;Pentaschistis pallida
1888;Periballia involucrata 
1889;Periballia minuta
1890;Peridictyon sanctum 
1891;Perotis rara
1892;Phacelurus digitatus 
1893;Phalaris amethystina
1894;Phalaris angusta
1895;Phalaris angusta
1896;Phalaris angusta 
1897;Phalaris aquatica
1898;Phalaris aquatica
1899;Phalaris aquatica
1900;Phalaris aquatica 
1901;Phalaris arundinacea
1902;Phalaris arundinacea 
1903;Phalaris brachystachys
1904;Phalaris brachystachys 
1905;Phalaris californica
1906;Phalaris canariensis
1907;Phalaris canariensis
1908;Phalaris canariensis 
1909;Phalaris coerulescens
1910;Phalaris coerulescens 
1911;Phalaris elongata 
1912;Phalaris lemmonii
1913;Phalaris minor
1914;Phalaris minor
1915;Phalaris minor 
1916;Phalaris paradoxa
1917;Phalaris paradoxa
1918;Phalaris paradoxa 
1919;Phalaris truncata 
1920;Phalaroides arundinacea 
1921;Phalaroides arundinacea subsp. oehleri 
1922;Phleum alpinum 
1923;Phleum ambiguum 
1924;Phleum arenarium
1925;Phleum arenarium 
1926;Phleum arenarium subsp. arenarium
1927;Phleum arenarium subsp. caesium 
1928;Phleum crypsoides 
1929;Phleum echinatum 
1930;Phleum exaratum 
1931;Phleum exaratum subsp. aegaeum
1932;Phleum hirsutum 
1933;Phleum montanum 
1934;Phleum montanum subsp. montanum
1935;Phleum montanum subsp. serrulatum 
1936;Phleum nodosum 
1937;Phleum paniculatum 
1938;Phleum phleoides 
1939;Phleum pratense
1940;Phleum pratense 
1941;Phleum rhaeticum 
1942;Phleum subulatum 
1943;Pholiurus pannonicus
1944;Pholiurus pannonicus 
1945;Phragmites australis
1946;Phragmites australis
1947;Phragmites australis 
1948;Phragmites frutescens 
1949;Phragmites karka
1950;Phyllostachys aurea
1951;Phyllostachys aurea 
1952;Phyllostachys bambusoides
1953;Phyllostachys edulis 
1954;Phyllostachys nigra 
1955;Phyllostachys sulphurea 
1956;Phyllostachys viridiglaucescens 
1957;Piptatherum coerulescens 
1958;Piptatherum holciforme 
1959;Piptatherum holciforme subsp. longiglume 
1960;Piptatherum miliaceum
1961;Piptatherum miliaceum 
1962;Piptatherum miliaceum subsp. thomasii 
1963;Piptatherum paradoxum 
1964;Piptatherum virescens 
1965;Piptochaetium angolense
1966;Piptochaetium fuscum
1967;Piptochaetium hirtum
1968;Plagiosetum refractum
1969;Pleioblastus chino 
1970;Pleioblastus pygmaeus
1971;Pleuropogon californicus
1972;Pleuropogon hooverianus
1973;Pleuropogon refractus
1974;Poa alpina 
1975;Poa alpina subsp. brevifolia 
1976;Poa angustifolia 
1977;Poa annua
1978;Poa annua
1979;Poa atropurpurea
1980;Poa badensis
1981;Poa binata
1982;Poa bivonae 
1983;Poa bulbosa
1984;Poa bulbosa
1985;Poa bulbosa 
1986;Poa bulbosa subsp. vivipara
1987;Poa cenisia 
1988;Poa chaixii 
1989;Poa clelandii
1990;Poa compressa 
1991;Poa confinis
1992;Poa crassicaudex
1993;Poa cumingii
1994;Poa diaboli
1995;Poa dolosa 
1996;Poa douglasii
1997;Poa drummondiana
1998;Poa fax
1999;Poa feratiana 
2000;Poa fordeana
2001;Poa gayana
2002;Poa glauca 
2003;Poa halmaturina
2004;Poa homomalla
2005;Poa howellii
2006;Poa hybrida 
2007;Poa infirma
2008;Poa jubata 
2009;Poa keckii
2010;Poa kelloggii
2011;Poa laxa 
2012;Poa leibergii
2013;Poa ligulata 
2014;Poa macrantha
2015;Poa media 
2016;Poa meionectes
2017;Poa minor 
2018;Poa napensis
2019;Poa nemoralis 
2020;Poa nemoralis subsp. nemoralis
2021;Poa palustris 
2022;Poa paposana
2023;Poa pelasgis 
2024;Poa perconcinna 
2025;Poa pfisteri
2026;Poa piperi
2027;Poa poiformis
2028;Poa porphyroclados
2029;Poa porphyroclados
2030;Poa pratensis
2031;Poa pratensis
2032;Poa pratensis 
2033;Poa pumila 
2034;Poa remota 
2035;Poa rhizomata
2036;Poa secunda
2037;Poa sierrae
2038;Poa sinaica 
2039;Poa stebbinsii
2040;Poa sterilis 
2041;Poa stiriaca 
2042;Poa suksdorfii
2043;Poa tenera
2044;Poa tenerrima
2045;Poa thessala
2046;Poa timoleontis 
2047;Poa trichopoda
2048;Poa tricolor
2049;Poa triodioides
2050;Poa trivialis
2051;Poa trivialis subsp. sylvicola 
2052;Poa umbricola
2053;Poa unilateralis
2054;Poa versicolor 
2055;Polypogon elongatus
2056;Polypogon interruptus
2057;Polypogon linearis
2058;Polypogon maritimus
2059;Polypogon maritimus
2060;Polypogon maritimus 
2061;Polypogon maritimus subsp. maritimus
2062;Polypogon monspeliensis
2063;Polypogon monspeliensis
2064;Polypogon monspeliensis 
2065;Polypogon polypogonoides
2066;Polypogon strictus
2067;Polypogon tenellus
2068;Polypogon viridis
2069;Polypogon viridis
2070;Polypogon viridis 
2071;Polytoca cyathopoda
2072;Polytoca hubbardiana
2073;Psammagrostis wiseana
2074;Psathyrostachys juncea
2075;Pseudarrhenatherum longifolium 
2076;Pseudarrhenatherum pallens
2077;Pseudopentameris brachyphylla
2078;Pseudopentameris caespitosa
2079;Pseudopentameris macrantha
2080;Pseudopogonatherum irritans
2081;Pseudoraphis spinescens
2082;Pseudosasa japonica 
2083;Pseudosclerochloa rupestris 
2084;Psilurus incurvus 
2085;Puccinellia angusta
2086;Puccinellia bilykiana 
2087;Puccinellia ciliata
2088;Puccinellia ciliata 
2089;Puccinellia decumbens
2090;Puccinellia distans
2091;Puccinellia distans
2092;Puccinellia distans 
2093;Puccinellia distans subsp. fontana 
2094;Puccinellia distans subsp. limosa 
2095;Puccinellia expansa 
2096;Puccinellia fasciculata
2097;Puccinellia fasciculata
2098;Puccinellia fasciculata 
2099;Puccinellia fasciculata subsp. pungens
2100;Puccinellia festuciformis 
2101;Puccinellia festuciformis subsp. lagascana 
2102;Puccinellia foucaudii 
2103;Puccinellia frigida
2104;Puccinellia gigantea
2105;Puccinellia gigantea 
2106;Puccinellia howellii
2107;Puccinellia longior
2108;Puccinellia maritima 
2109;Puccinellia nutkaensis
2110;Puccinellia simplex
2111;Puccinellia stenophylla 
2112;Puccinellia stricta
2113;Puccinellia tenuifolia 
2114;Puccinellia vassica
2115;Rhombolytrum koelerioides
2116;Rhombolytrum rhomboideum
2117;Rostraria amblyantha
2118;Rostraria balansae 
2119;Rostraria cristata
2120;Rostraria cristata
2121;Rostraria cristata
2122;Rostraria cristata 
2123;Rostraria hispida 
2124;Rostraria obtusiflora 
2125;Rostraria pubescens 
2126;Rostraria pumila
2127;Rostraria pumila 
2128;Rostraria pumila subsp. fuscescens 
2129;Rostraria rohlfsii 
2130;Rostraria salzmannii 
2131;Rostraria salzmannii subsp. salzmannii
2132;Rostraria smyrnacea
2133;Rottboellia rottboellioides
2134;Rytidosperma acerosum
2135;Rytidosperma auriculatum
2136;Rytidosperma caespitosum
2137;Rytidosperma carphoides
2138;Rytidosperma clelandii
2139;Rytidosperma duttonianum
2140;Rytidosperma erianthum
2141;Rytidosperma fulvum
2142;Rytidosperma geniculatum
2143;Rytidosperma indutum
2144;Rytidosperma laeve
2145;Rytidosperma longifolium
2146;Rytidosperma occidentale
2147;Rytidosperma pallidum
2148;Rytidosperma pilosum
2149;Rytidosperma quirihuense
2150;Rytidosperma racemosum
2151;Rytidosperma richardsonii
2152;Rytidosperma semiannulare
2153;Rytidosperma setaceum
2154;Rytidosperma tenuius
2155;Saccharum officinarum 
2156;Saccharum ravennae
2157;Saccharum spontaneum 
2158;Saccharum spontaneum subsp. aegyptiacum
2159;Sacciolepis indica
2160;Sacciolepis myosuroides
2161;Schedonorus arundinaceus 
2162;Schedonorus arundinaceus subsp. atlantigenus 
2163;Schedonorus arundinaceus subsp. cirtensis 
2164;Schedonorus arundinaceus subsp. fenas
2165;Schedonorus arundinaceus subsp. mediterraneus
2166;Schedonorus arundinaceus subsp. orientalis
2167;Schedonorus giganteus
2168;Schedonorus plurifolius 
2169;Schedonorus pratensis 
2170;Schedonorus pratensis subsp. apenninus 
2171;Schedonorus uechtritzianus 
2172;Schismus arabicus
2173;Schismus arabicus
2174;Schismus arabicus 
2175;Schismus barbatus
2176;Schismus barbatus
2177;Schismus barbatus
2178;Schismus barbatus 
2179;Schismus inermis
2180;Schismus perennis 
2181;Schismus scaberrimus
2182;Schismus schismoides
2183;Schizachyrium cirratum
2184;Schizachyrium crinizonatum
2185;Schizachyrium mitchellianum
2186;Schizachyrium pseudeulalia
2187;Schoenefeldia gracilis 
2188;Sclerochloa dura
2189;Sclerochloa dura 
2190;Scleropogon brevifolius
2191;Scribneria bolanderi
2192;Secale africanum
2193;Secale cereale
2194;Secale cereale 
2195;Secale cereale 
2196;Secale strictum
2197;Secale strictum subsp. anatolicum 
2198;Sesleria alba 
2199;Sesleria albanica 
2200;Sesleria autumnalis 
2201;Sesleria caerulea 
2202;Sesleria caerulea subsp. angustifolia 
2203;Sesleria calabrica 
2204;Sesleria coerulans 
2205;Sesleria insularis 
2206;Sesleria insularis subsp. italica 
2207;Sesleria juncifolia 
2208;Sesleria juncifolia subsp. kalnikensis 
2209;Sesleria korabensis 
2210;Sesleria latifolia 
2211;Sesleria leucocephala 
2212;Sesleria nitida 
2213;Sesleria nitida subsp. aprutia 
2214;Sesleria nitida subsp. nitida
2215;Sesleria ovata 
2216;Sesleria pichiana 
2217;Sesleria rigida 
2218;Sesleria rigida subsp. achtarovii 
2219;Sesleria rigida subsp. rigida
2220;Sesleria robusta 
2221;Sesleria robusta subsp. skanderbeggii 
2222;Sesleria sadlerana 
2223;Sesleria sadlerana subsp. tatrae 
2224;Sesleria sphaerocephala 
2225;Sesleria taygetea 
2226;Sesleria tenerrima 
2227;Sesleria tuzsonii
2228;Sesleria uliginosa 
2229;Sesleria vaginalis 
2230;Sesleria wettsteinii
2231;Setaria adhaerens 
2232;Setaria apiculata
2233;Setaria basiclada
2234;Setaria brownii
2235;Setaria clementii
2236;Setaria constricta
2237;Setaria dielsii
2238;Setaria distans
2239;Setaria faberi 
2240;Setaria flabellata
2241;Setaria italica
2242;Setaria italica
2243;Setaria italica subsp. pycnocoma 
2244;Setaria jubiflora
2245;Setaria leucopila
2246;Setaria megaphylla
2247;Setaria palmifolia
2248;Setaria palmifolia 
2249;Setaria parviflora
2250;Setaria parviflora
2251;Setaria parviflora 
2252;Setaria parviflora 
2253;Setaria pumila
2254;Setaria pumila 
2255;Setaria rara
2256;Setaria reflexa
2257;Setaria retiglumis
2258;Setaria sphacelata
2259;Setaria sphacelata subsp. sphacelata
2260;Setaria sphacelata subsp. torta
2261;Setaria tabulata
2262;Setaria verticillata
2263;Setaria verticillata
2264;Setaria verticillata 
2265;Setaria verticilliformis 
2266;Setaria viridis
2267;Setaria viridis 
2268;Setaria viridis 
2269;Sorghastrum nutans
2270;Sorghum amplum
2271;Sorghum arundinaceum
2272;Sorghum bicolor 
2273;Sorghum bulbosum
2274;Sorghum drummondii 
2275;Sorghum halepense
2276;Sorghum halepense 
2277;Sorghum halepense 
2278;Sorghum interjectum
2279;Sorghum plumosum 
2280;Sorghum stipoideum
2281;Sorghum timorense
2282;Sorghum virgatum 
2283;Spartina anglica
2284;Spartina anglica 
2285;Spartina densiflora
2286;Spartina foliosa
2287;Spartina gracilis
2288;Spartina maritima
2289;Spartina maritima 
2290;Spartina patens
2291;Spartina versicolor 
2292;Spartochloa scirpoidea
2293;Sphenopholis obtusata
2294;Sphenopus divaricatus
2295;Sphenopus divaricatus
2296;Sphenopus divaricatus 
2297;Spinifex alterniflorus
2298;Spinifex hirsutus
2299;Spinifex littoreus
2300;Spinifex longifolius
2301;Spinifex sericeus
2302;Sporobolus ? townsendii
2303;Sporobolus actinocladus
2304;Sporobolus africanus
2305;Sporobolus airoides
2306;Sporobolus albicans
2307;Sporobolus australasicus
2308;Sporobolus blakei
2309;Sporobolus caroli
2310;Sporobolus centrifugus
2311;Sporobolus contractus
2312;Sporobolus coromandelianus
2313;Sporobolus cryptandrus
2314;Sporobolus cryptandrus 
2315;Sporobolus elongatus
2316;Sporobolus fimbriatus 
2317;Sporobolus flexuosus
2318;Sporobolus fourcadii
2319;Sporobolus indicus 
2320;Sporobolus ioclados
2321;Sporobolus ludwigii 
2322;Sporobolus mitchellii
2323;Sporobolus natalensis
2324;Sporobolus neglectus
2325;Sporobolus neglectus 
2326;Sporobolus pulchellus
2327;Sporobolus pungens 
2328;Sporobolus spicatus 
2329;Sporobolus vaginiflorus 
2330;Sporobolus virginicus
2331;Sporobolus virginicus
2332;Sporobolus virginicus 
2333;Sporobolus wrightii
2334;Stenotaphrum secundatum
2335;Stenotaphrum secundatum
2336;Stenotaphrum secundatum 
2337;Stipa aquilana 
2338;Stipa arida
2339;Stipa atlantica 
2340;Stipa austroitalica 
2341;Stipa austroitalica subsp. appendiculata 
2342;Stipa austroitalica subsp. frentana 
2343;Stipa austroitalica subsp. theresiae 
2344;Stipa balansae 
2345;Stipa balcanica 
2346;Stipa barbata 
2347;Stipa barbata subsp. brevipila 
2348;Stipa brachychaeta
2349;Stipa bronwenae
2350;Stipa campylachne
2351;Stipa capensis
2352;Stipa capensis
2353;Stipa capensis 
2354;Stipa capillata 
2355;Stipa cazorlensis 
2356;Stipa cernua
2357;Stipa clandestina
2358;Stipa clausa 
2359;Stipa comata
2360;Stipa comata subsp. intermedia
2361;Stipa compressa
2362;Stipa coronata
2363;Stipa crinita
2364;Stipa dasyvaginata
2365;Stipa dasyvaginata subsp. apenninicola 
2366;Stipa dasyvaginata subsp. longiglumis 
2367;Stipa diegoensis
2368;Stipa divaricata
2369;Stipa dongicola
2370;Stipa dregeana
2371;Stipa dregeana subsp. elongata
2372;Stipa echinata
2373;Stipa ehrenbergiana 
2374;Stipa endotricha 
2375;Stipa eriocaulis 
2376;Stipa eriocaulis subsp. austriaca 
2377;Stipa eriocaulis subsp. carniolica 
2378;Stipa eriocaulis subsp. dvorakii 
2379;Stipa eriocaulis subsp. eriocaulis
2380;Stipa eriocaulis subsp. kiemii 
2381;Stipa etrusca 
2382;Stipa exigua
2383;Stipa holosericea 
2384;Stipa hymenoides
2385;Stipa iberica 
2386;Stipa iberica subsp. bolosii 
2387;Stipa isoldeae 
2388;Stipa jacobsiana
2389;Stipa jacobsii 
2390;Stipa juncea 
2391;Stipa juncifolia
2392;Stipa kingii
2393;Stipa lagascae 
2394;Stipa lanata
2395;Stipa latiglumis
2396;Stipa lemmonii
2397;Stipa lemmonii subsp. pubescens
2398;Stipa lepida
2399;Stipa lessingiana 
2400;Stipa lessingiana subsp. cyllenaea
2401;Stipa letourneuxii 
2402;Stipa lettermanii
2403;Stipa manicata
2404;Stipa maroccana 
2405;Stipa mayeri 
2406;Stipa miliacea 
2407;Stipa monticola 
2408;Stipa multispiculis
2409;Stipa nelsonii
2410;Stipa nelsonii subsp. dorei
2411;Stipa nevadensis
2412;Stipa nitens 
2413;Stipa novakii
2414;Stipa nullarborensis
2415;Stipa occidentalis
2416;Stipa occidentalis subsp. californica
2417;Stipa occidentalis subsp. pubescens
2418;Stipa offneri 
2419;Stipa oligotricha
2420;Stipa papposa
2421;Stipa papposa
2422;Stipa parishii
2423;Stipa parishii subsp. parishii
2424;Stipa parviflora 
2425;Stipa pennata 
2426;Stipa pennata subsp. slovaca 
2427;Stipa petraea
2428;Stipa pinetorum
2429;Stipa plumigera
2430;Stipa plumosa 
2431;Stipa pulcherrima 
2432;Stipa pulcherrima subsp. crassiculmis 
2433;Stipa pulcherrima subsp. epilosa 
2434;Stipa pulchra
2435;Stipa pycnostachya
2436;Stipa rechingeri 
2437;Stipa rigida 
2438;Stipa serena 
2439;Stipa speciosa
2440;Stipa stillmanii
2441;Stipa syreistschikowii 
2442;Stipa tenuifolia
2443;Stipa thessala 
2444;Stipa thurberiana
2445;Stipa tirsa
2446;Stipa tirsa subsp. albanica 
2447;Stipa tortuosa
2448;Stipa variabilis
2449;Stipa variabilis
2450;Stipa velutina
2451;Stipa veneta 
2452;Stipa vickeryana
2453;Stipa webberi
2454;Stipagrostis acutiflora 
2455;Stipagrostis acutiflora subsp. algeriensis 
2456;Stipagrostis anomala
2457;Stipagrostis brachyathera 
2458;Stipagrostis ciliata
2459;Stipagrostis ciliata 
2460;Stipagrostis foexiana 
2461;Stipagrostis hirtigluma 
2462;Stipagrostis lanata 
2463;Stipagrostis namaquensis
2464;Stipagrostis obtusa
2465;Stipagrostis obtusa 
2466;Stipagrostis oranensis 
2467;Stipagrostis papposa 
2468;Stipagrostis plumosa 
2469;Stipagrostis plumosa subsp. seminuda 
2470;Stipagrostis pungens 
2471;Stipagrostis pungens subsp. pubescens
2472;Stipagrostis pungens subsp. transiens 
2473;Stipagrostis rigidifolia 
2474;Stipagrostis sahelica 
2475;Stipagrostis scoparia 
2476;Stipagrostis zeyheri 
2477;Stipagrostis zeyheri subsp. barbata
2478;Stipagrostis zeyheri subsp. macropus
2479;Swallenia alexandrae
2480;Taeniatherum caput-medusae
2481;Taeniatherum caput-medusae
2482;Taeniatherum caput-medusae 
2483;Taeniatherum caput-medusae subsp. asperum
2484;Tenaxia dura
2485;Tetrapogon villosus 
2486;Thaumastochloa major
2487;Thaumastochloa pubescens
2488;Thedachloa annua
2489;Themeda quadrivalvis
2490;Themeda quadrivalvis
2491;Themeda triandra
2492;Themeda triandra
2493;Themeda triandra 
2494;Thinopyrum distichum
2495;Thinopyrum distichum
2496;Thinopyrum junceiforme
2497;Thinopyrum junceiforme
2498;Thyridolepis mitchelliana
2499;Thyridolepis multiculmis
2500;Thyridolepis xerophila
2501;Torreyochloa californica
2502;Torreyochloa erecta
2503;Torreyochloa pallida
2504;Torreyochloa pallida subsp. pauciflora
2505;Trachynia distachya 
2506;Trachynia platystachya 
2507;Trachypogon spicatus
2508;Tragus South Australianus
2509;Tragus berteronianus
2510;Tragus racemosus 
2511;Tribolium acutiflorum
2512;Tribolium acutiflorum
2513;Tribolium alternans
2514;Tribolium amplexum
2515;Tribolium brachystachyum
2516;Tribolium brachystachyum
2517;Tribolium ciliare
2518;Tribolium curvum
2519;Tribolium echinatum
2520;Tribolium echinatum
2521;Tribolium hispidum
2522;Tribolium obliterum
2523;Tribolium obliterum
2524;Tribolium obtusifolium
2525;Tribolium pleuropogon
2526;Tribolium purpureum
2527;Tribolium pusillum
2528;Tribolium tenellum
2529;Tribolium uniolae
2530;Tribolium uniolae
2531;Tribolium utriculosum
2532;Tricholaena capensis
2533;Tricholaena teneriffae 
2534;Tricholemma breviaristatum 
2535;Tridens muticus
2536;Triodia acutispicula
2537;Triodia aeria
2538;Triodia angusta
2539;Triodia barbata
2540;Triodia basedowii
2541;Triodia biflora
2542;Triodia bitextura
2543;Triodia brizoides
2544;Triodia bromoides
2545;Triodia bunglensis
2546;Triodia bunglensis
2547;Triodia burbidgeana
2548;Triodia bynoei
2549;Triodia caelestialis
2550;Triodia claytonii
2551;Triodia compacta
2552;Triodia concinna
2553;Triodia cremnophila
2554;Triodia cunninghamii
2555;Triodia danthonioides
2556;Triodia desertorum
2557;Triodia desertorum
2558;Triodia dielsii
2559;Triodia epactia
2560;Triodia fissura
2561;Triodia fitzgeraldii
2562;Triodia helmsii
2563;Triodia inaequiloba
2564;Triodia intermedia
2565;Triodia inutilis
2566;Triodia irritans
2567;Triodia lanata
2568;Triodia lanigera
2569;Triodia longiceps
2570;Triodia longipalea
2571;Triodia melvillei
2572;Triodia microstachya
2573;Triodia pascoeana
2574;Triodia plectrachnoides
2575;Triodia plurineroata
2576;Triodia prona
2577;Triodia pungens
2578;Triodia racemigera
2579;Triodia rigidissima
2580;Triodia roscida
2581;Triodia salina
2582;Triodia scariosa
2583;Triodia scariosa subsp. bunicola
2584;Triodia schinzii
2585;Triodia secunda
2586;Triodia spicata
2587;Triodia stenostachya
2588;Triodia stipoides
2589;Triodia tomentosa
2590;Triodia triticoides
2591;Triodia truncata
2592;Triodia wiseana
2593;Triodia wiseana subsp. brevifolia
2594;Tripidium ravennae 
2595;Tripidium ravennae subsp. parviflorum 
2596;Tripidium strictum 
2597;Triplachne nitens 
2598;Tripogon africanus 
2599;Tripogonella loliiformis
2600;Tripsacum dactyloides 
2601;Triraphis andropogonoides
2602;Triraphis mollis
2603;Triraphis pumilio 
2604;Trisetaria aurea 
2605;Trisetaria dufourei 
2606;Trisetaria linearis 
2607;Trisetaria loeflingiana 
2608;Trisetaria loeflingiana subsp. loeflingiana
2609;Trisetaria nitida 
2610;Trisetaria ovata 
2611;Trisetaria scabriuscula 
2612;Trisetaria segetum 
2613;Trisetum alpestre 
2614;Trisetum argenteum
2615;Trisetum bertolonii 
2616;Trisetum canescens
2617;Trisetum cernuum
2618;Trisetum distichophyllum 
2619;Trisetum distichophyllum subsp. brevifolium 
2620;Trisetum flavescens
2621;Trisetum flavescens 
2622;Trisetum flavescens subsp. baregense
2623;Trisetum flavescens subsp. corsicum 
2624;Trisetum flavescens subsp. purpurascens 
2625;Trisetum flavescens subsp. splendens 
2626;Trisetum flavescens subsp. tenue 
2627;Trisetum gracile 
2628;Trisetum laconicum 
2629;Trisetum mattheii
2630;Trisetum projectum
2631;Trisetum rechingeri
2632;Trisetum spicatum
2633;Trisetum spicatum 
2634;Trisetum spicatum subsp. ovatipaniculatum 
2635;Trisetum velutinum 
2636;Trisetum wolfii
2637;Tristachya leucothrix
2638;Triticum aestivum
2639;Triticum aestivum 
2640;Triticum aestivum 
2641;Triticum aestivum subsp. compactum 
2642;Triticum aestivum subsp. compactum 
2643;Triticum aestivum subsp. spelta 
2644;Triticum monococcum 
2645;Triticum monococcum 
2646;Triticum monococcum subsp. aegilopoides 
2647;Triticum parvicoccum 
2648;Triticum turgidum 
2649;Triticum turgidum subsp. dicoccon 
2650;Triticum turgidum subsp. durum 
2651;Triticum turgidum subsp. durum 
2652;Triticum turgidum subsp. polonicum 
2653;Tuctoria greenei
2654;Tuctoria mucronata
2655;Uranthoecium truncatum
2656;Urochloa arizonica
2657;Urochloa brizantha
2658;Urochloa fusca
2659;Urochloa gilesii
2660;Urochloa mutica
2661;Urochloa mutica 
2662;Urochloa notochthona
2663;Urochloa piligera
2664;Urochloa praetervisa
2665;Urochloa pubigera
2666;Urochloa ramosa
2667;Urochloa reptans
2668;Urochloa subquadripara
2669;Urochloa texana
2670;Urochloa trichopus
2671;Vahlodea atropurpurea
2672;Ventenata dubia
2673;Vulpia alopecuros 
2674;Vulpia brevis 
2675;Vulpia bromoides
2676;Vulpia bromoides
2677;Vulpia ciliata 
2678;Vulpia fasciculata
2679;Vulpia fasciculata
2680;Vulpia fontquerana
2681;Vulpia geniculata 
2682;Vulpia geniculata subsp. attenuata 
2683;Vulpia geniculata subsp. breviglumis 
2684;Vulpia hispanica 
2685;Vulpia hispanica subsp. montana
2686;Vulpia ligustica 
2687;Vulpia membranacea 
2688;Vulpia muralis
2689;Vulpia muralis 
2690;Vulpia myuro
2691;Vulpia myuros 
2692;Vulpia myurus
2693;Vulpia obtusa 
2694;Vulpia octoflora
2695;Vulpia octoflora subsp. glauca
2696;Vulpia sicula 
2697;Vulpia unilateralis 
2698;Vulpiella stipoides 
2699;Vulpiella stipoides subsp. tenuis 
2700;Walwhalleya proluta
2701;Wangenheimia lima 
2702;Whiteochloa airoides
2703;Whiteochloa biciliata
2704;Whiteochloa capillipes
2705;Whiteochloa cymbiformis
2706;Xerochloa barbata
2707;Xerochloa imberbis
2708;Xerochloa laniflora
2709;Zea mays
2710;Zea mays 
2711;Zoysia macrantha
2712;Zoysia macrantha subsp. walshii
